{
    "materials":[{
        "opacity":1,
        "transparent":false,
        "DbgIndex":0,
        "wireframe":false,
        "depthTest":true,
        "specularCoef":50,
        "DbgName":"eyes",
        "colorEmissive":[0.5,0.5,0.5],
        "depthWrite":true,
        "visible":true,
        "colorSpecular":[0.082873,0.082873,0.082873],
        "blending":"NormalBlending",
        "shading":"phong",
        "colorDiffuse":[1,1,1],
        "DbgColor":15658734
    },{
        "opacity":1,
        "transparent":false,
        "DbgIndex":1,
        "wireframe":false,
        "depthTest":true,
        "specularCoef":50,
        "DbgName":"CubeMat",
        "colorEmissive":[0,0,0],
        "depthWrite":true,
        "visible":true,
        "colorSpecular":[0.038674,0.038674,0.038674],
        "blending":"NormalBlending",
        "shading":"phong",
        "colorDiffuse":[0.005844,0.029686,0.054969],
        "DbgColor":15597568
    }],
    "vertices":[-0.350555,0.347085,-0.397574,-0.278194,0.399658,-0.452852,-0.378194,0.43215,-0.452852,-0.439998,0.347085,-0.452853,-0.378194,0.26202,-0.452852,-0.278194,0.294513,-0.452852,-0.322916,0.43215,-0.542296,-0.422916,0.399658,-0.542296,-0.422916,0.294513,-0.542296,-0.322916,0.26202,-0.542296,-0.261112,0.347085,-0.542296,-0.350555,0.347085,-0.597574,-0.366801,0.397085,-0.412509,-0.308023,0.377986,-0.412509,-0.324268,0.427987,-0.445,-0.26549,0.347085,-0.445001,-0.308023,0.316184,-0.412509,-0.403128,0.347085,-0.412509,-0.419374,0.397085,-0.445001,-0.366801,0.297086,-0.412509,-0.419374,0.297086,-0.445001,-0.324268,0.266184,-0.445,-0.255449,0.377987,-0.497574,-0.255449,0.316184,-0.497574,-0.350555,0.447085,-0.497574,-0.291777,0.427987,-0.497574,-0.445661,0.377987,-0.497574,-0.409334,0.427987,-0.497574,-0.409334,0.266184,-0.497574,-0.445661,0.316184,-0.497574,-0.291777,0.266184,-0.497574,-0.350555,0.247085,-0.497574,-0.281736,0.397085,-0.550148,-0.376842,0.427987,-0.550148,-0.43562,0.347085,-0.550148,-0.376842,0.266184,-0.550148,-0.281736,0.297086,-0.550148,-0.33431,0.397085,-0.58264,-0.297982,0.347085,-0.582639,-0.393087,0.377986,-0.58264,-0.393087,0.316184,-0.58264,-0.33431,0.297086,-0.58264,0.349822,0.347085,-0.397574,0.422182,0.399658,-0.452852,0.322183,0.43215,-0.452852,0.260379,0.347085,-0.452853,0.322183,0.26202,-0.452852,0.422182,0.294513,-0.452852,0.37746,0.43215,-0.542296,0.277461,0.399658,-0.542296,0.277461,0.294513,-0.542296,0.37746,0.26202,-0.542296,0.439264,0.347085,-0.542296,0.349822,0.347085,-0.597574,0.333576,0.397085,-0.412509,0.392354,0.377986,-0.412509,0.376108,0.427987,-0.445,0.434886,0.347085,-0.445001,0.392354,0.316184,-0.412509,0.297249,0.347085,-0.412509,0.281003,0.397085,-0.445001,0.333576,0.297086,-0.412509,0.281003,0.297086,-0.445001,0.376108,0.266184,-0.445,0.444927,0.377987,-0.497574,0.444927,0.316184,-0.497574,0.349822,0.447085,-0.497574,0.4086,0.427987,-0.497574,0.254716,0.377987,-0.497574,0.291043,0.427987,-0.497574,0.291043,0.266184,-0.497574,0.254716,0.316184,-0.497574,0.4086,0.266184,-0.497574,0.349822,0.247085,-0.497574,0.41864,0.397085,-0.550148,0.323535,0.427987,-0.550148,0.264757,0.347085,-0.550148,0.323535,0.266184,-0.550148,0.41864,0.297086,-0.550148,0.366067,0.397085,-0.58264,0.402395,0.347085,-0.582639,0.307289,0.377986,-0.58264,0.307289,0.316184,-0.58264,0.366067,0.297086,-0.58264,-0.5,0.5,0.5,-0.5,0.5,-0.5,-0.5,-0.5,0.5,-0.5,-0.5,-0.5,0.5,0.5,0.5,0.5,0.5,-0.5,0.5,-0.5,0.5,0.5,-0.5,-0.5],
    "faces":[34,0,13,12,0,0,0,0,34,1,13,15,0,1,1,1,34,0,12,17,0,2,2,2,34,0,17,19,0,3,3,3,34,0,19,16,0,4,4,4,34,1,15,22,0,5,5,5,34,2,14,24,0,6,6,6,34,3,18,26,0,7,7,7,34,4,20,28,0,8,8,8,34,5,21,30,0,9,9,9,34,1,22,25,0,10,10,10,34,2,24,27,0,11,11,11,34,3,26,29,0,12,12,12,34,4,28,31,0,13,13,13,34,5,30,23,0,14,14,14,34,6,32,37,0,15,15,15,34,7,33,39,0,16,16,16,34,8,34,40,0,17,17,17,34,9,35,41,0,18,18,18,34,10,36,38,0,19,19,19,34,38,41,11,0,20,20,20,34,38,36,41,0,21,21,21,34,36,9,41,0,22,22,22,34,41,40,11,0,23,23,23,34,41,35,40,0,24,24,24,34,35,8,40,0,25,25,25,34,40,39,11,0,26,26,26,34,40,34,39,0,27,27,27,34,34,7,39,0,28,28,28,34,39,37,11,0,29,29,29,34,39,33,37,0,30,30,30,34,33,6,37,0,31,31,31,34,37,38,11,0,32,32,32,34,37,32,38,0,33,33,33,34,32,10,38,0,34,34,34,34,23,36,10,0,35,35,35,34,23,30,36,0,36,36,36,34,30,9,36,0,37,37,37,34,31,35,9,0,38,38,38,34,31,28,35,0,39,39,39,34,28,8,35,0,40,40,40,34,29,34,8,0,41,41,41,34,29,26,34,0,42,42,42,34,26,7,34,0,43,43,43,34,27,33,7,0,44,44,44,34,27,24,33,0,45,45,45,34,24,6,33,0,46,46,46,34,25,32,6,0,47,47,47,34,25,22,32,0,48,48,48,34,22,10,32,0,49,49,49,34,30,31,9,0,50,50,50,34,30,21,31,0,51,51,51,34,21,4,31,0,52,52,52,34,28,29,8,0,53,53,53,34,28,20,29,0,54,54,54,34,20,3,29,0,55,55,55,34,26,27,7,0,56,56,56,34,26,18,27,0,57,57,57,34,18,2,27,0,58,58,58,34,24,25,6,0,59,59,59,34,24,14,25,0,60,60,60,34,14,1,25,0,61,61,61,34,22,23,10,0,62,62,62,34,22,15,23,0,63,63,63,34,15,5,23,0,64,64,64,34,16,21,5,0,65,65,65,34,16,19,21,0,66,66,66,34,19,4,21,0,67,67,67,34,19,20,4,0,68,68,68,34,19,17,20,0,69,69,69,34,17,3,20,0,70,70,70,34,17,18,3,0,71,71,71,34,17,12,18,0,72,72,72,34,12,2,18,0,73,73,73,34,15,16,5,0,74,74,74,34,15,13,16,0,75,75,75,34,13,0,16,0,76,76,76,34,12,14,2,0,77,77,77,34,12,13,14,0,78,78,78,34,13,1,14,0,79,79,79,34,42,55,54,0,80,80,80,34,43,55,57,0,81,81,81,34,42,54,59,0,82,82,82,34,42,59,61,0,83,83,83,34,42,61,58,0,84,84,84,34,43,57,64,0,5,5,5,34,44,56,66,0,85,85,85,34,45,60,68,0,7,7,7,34,46,62,70,0,86,86,86,34,47,63,72,0,9,9,9,34,43,64,67,0,10,10,10,34,44,66,69,0,87,87,87,34,45,68,71,0,12,12,12,34,46,70,73,0,88,88,88,34,47,72,65,0,14,14,14,34,48,74,79,0,89,89,89,34,49,75,81,0,90,90,90,34,50,76,82,0,91,91,91,34,51,77,83,0,92,92,92,34,52,78,80,0,19,19,19,34,80,83,53,0,93,93,93,34,80,78,83,0,94,94,94,34,78,51,83,0,95,95,95,34,83,82,53,0,96,96,96,34,83,77,82,0,97,97,97,34,77,50,82,0,98,98,98,34,82,81,53,0,99,99,99,34,82,76,81,0,100,100,100,34,76,49,81,0,101,101,101,34,81,79,53,0,102,102,102,34,81,75,79,0,103,103,103,34,75,48,79,0,104,104,104,34,79,80,53,0,105,105,105,34,79,74,80,0,106,106,106,34,74,52,80,0,34,34,34,34,65,78,52,0,35,35,35,34,65,72,78,0,36,36,36,34,72,51,78,0,107,107,107,34,73,77,51,0,108,108,108,34,73,70,77,0,39,39,39,34,70,50,77,0,40,40,40,34,71,76,50,0,41,41,41,34,71,68,76,0,42,42,42,34,68,49,76,0,43,43,43,34,69,75,49,0,44,44,44,34,69,66,75,0,45,45,45,34,66,48,75,0,109,109,109,34,67,74,48,0,110,110,110,34,67,64,74,0,48,48,48,34,64,52,74,0,49,49,49,34,72,73,51,0,111,111,111,34,72,63,73,0,51,51,51,34,63,46,73,0,112,112,112,34,70,71,50,0,53,53,53,34,70,62,71,0,54,54,54,34,62,45,71,0,55,55,55,34,68,69,49,0,56,56,56,34,68,60,69,0,57,57,57,34,60,44,69,0,113,113,113,34,66,67,48,0,114,114,114,34,66,56,67,0,60,60,60,34,56,43,67,0,61,61,61,34,64,65,52,0,62,62,62,34,64,57,65,0,63,63,63,34,57,47,65,0,64,64,64,34,58,63,47,0,115,115,115,34,58,61,63,0,116,116,116,34,61,46,63,0,117,117,117,34,61,62,46,0,118,118,118,34,61,59,62,0,119,119,119,34,59,45,62,0,70,70,70,34,59,60,45,0,71,71,71,34,59,54,60,0,120,120,120,34,54,44,60,0,121,121,121,34,57,58,47,0,122,122,122,34,57,55,58,0,123,123,123,34,55,42,58,0,124,124,124,34,54,56,44,0,125,125,125,34,54,55,56,0,126,126,126,34,55,43,56,0,127,127,127,35,85,87,86,84,1,128,128,128,128,35,87,91,90,86,1,129,129,129,129,35,91,89,88,90,1,130,130,130,130,35,89,85,84,88,1,131,131,131,131,35,84,86,90,88,1,132,132,132,132,35,89,91,87,85,1,133,133,133,133],